{
  "test_files_analyzed": [
    {
      "file": "scripts/comprehensive_qa_tests.py",
      "database_tests": true,
      "similarity_tests": true,
      "blocking_tests": true,
      "clustering_tests": true,
      "pipeline_tests": true,
      "error_handling": true,
      "performance_tests": true,
      "data_quality_tests": true,
      "end_to_end_tests": true
    },
    {
      "file": "scripts/enhanced_qa_tests.py",
      "database_tests": true,
      "similarity_tests": true,
      "blocking_tests": true,
      "clustering_tests": true,
      "pipeline_tests": true,
      "error_handling": true,
      "performance_tests": true,
      "data_quality_tests": true,
      "end_to_end_tests": true
    },
    {
      "file": "scripts/focused_er_demo.py",
      "database_tests": true,
      "similarity_tests": true,
      "blocking_tests": true,
      "clustering_tests": false,
      "pipeline_tests": true,
      "error_handling": true,
      "performance_tests": true,
      "data_quality_tests": true,
      "end_to_end_tests": true
    },
    {
      "file": "scripts/entity_resolution_demo.py",
      "database_tests": true,
      "similarity_tests": true,
      "blocking_tests": true,
      "clustering_tests": true,
      "pipeline_tests": true,
      "error_handling": true,
      "performance_tests": false,
      "data_quality_tests": true,
      "end_to_end_tests": true
    },
    {
      "file": "scripts/end_to_end_qa_test.py.backup",
      "database_tests": true,
      "similarity_tests": true,
      "blocking_tests": true,
      "clustering_tests": true,
      "pipeline_tests": true,
      "error_handling": true,
      "performance_tests": false,
      "data_quality_tests": true,
      "end_to_end_tests": true
    },
    {
      "file": "scripts/run_resilient_tests.py.backup",
      "database_tests": true,
      "similarity_tests": true,
      "blocking_tests": true,
      "clustering_tests": true,
      "pipeline_tests": true,
      "error_handling": true,
      "performance_tests": false,
      "data_quality_tests": false,
      "end_to_end_tests": true
    }
  ],
  "coverage_gaps": [],
  "strengths": [
    "database_tests",
    "similarity_tests",
    "blocking_tests",
    "clustering_tests",
    "pipeline_tests",
    "error_handling",
    "performance_tests",
    "data_quality_tests",
    "end_to_end_tests"
  ],
  "recommendations": [
    "Add similarity algorithm accuracy tests with known good/bad data",
    "Add blocking strategy effectiveness tests",
    "Add clustering algorithm validation tests",
    "Add end-to-end pipeline workflow tests",
    "Add data quality metric validation tests",
    "Add performance benchmarking tests",
    "Add error handling and edge case tests",
    "Add integration testing between components"
  ]
}